Nombre,Categoria,Sexo,Precio,Tallas,Descripcion,Foto
Camiseta Trail Alpes,Camisetas,unisex,34,xs s m l xl 2xl,Not available,ALpes_Camiseta.png
Paravientos Terry,Cortavientos,unisex,65,xs s m l xl 2xl,Con Gorro y membrana,
Camiseta Sin Mangas Alpes,Camisetas,unisex,31,xs s m l xl 2xl,Not available,camiseta_SM.png
Camiseta Manga Corta Cross,Camisetas,unisex,30,xs s m l xl 2xl,Not available,avance_cross.png
Camiseta Manga Corta Adv.,Camisetas,unisex,31,xs s m l xl 2xl,Con Gorro Bolsillo espalda y menbrana,avance_cross.png
Paravientos Sherpa,Cortavientos,unisex,65,xs s m l xl 2xl,Not available,Paravientos.png
Paravientos,Cortavientos,unisex,48,xs s m l xl 2xl,Sin Gorro 2 bosillos con cremallera,Paravientos.png
Chaleco Challange,Chaleco,unisex,39.5,xs s m l xl 2xl,Bolsillo en la espalda,chaleco.png
Pantalon de Trail corto,Pantalones,mujer,31.5,xs s m l xl,Not available,Pantalon_trail_chica.png
Pantalon de Trail corto,Pantalones,hombre,31.5,s m l xl 2xl,Not available,Pantalon_trail.png
Sudadera Alaska,Sudaderas,unisex,48,xs s m l xl 2xl,Sudadera con capucha,sudadera_alaska.png
Pantaloneta,Pantalones,unisex,29,xs s m l xl 2xl,Not available,Pantaloneta.png
Pantalon largo,Pantalones,unisex,25,xs s m l xl 2xl,Chandal con logo bordado. Solo disponibl en color negro,Pantalon_largo.png
Pantalon de Trail corto,Pantalones,unisex,30,xs s m l xl 2xl,Not available,Malla_corta.png
Falda,Pantalones,mujer,31,xs s m l xl,Not available,Pantalon_trail_chica.png
Manguitos Verano,Complementos,unisex,12.10,unica,Not available,manguitos.png
Manguitos Invierno,Complementos,unisex,13.5,unica,Not available,manguitos.png
Malliot manga corta Summun,Malliots,hombre,52,s m l xl 2xl,Not available,
Malliot manga corta Summun,Malliots,mujer,52,xs s m l xl,Not available,
Culotte corto,Culottes,hombre,70,s m l xl 2xl,Culotte con tirantes,
Culotte corto,Culottes,mujer,70,xs s m l xl,Culotte con tirantes,
Top corto,Camisetas,mujer,26,xs s m l xl,Not available,
Polo,Camisetas,unisex,33,xs s m l xl 2xl,Solo disponible en color negro,polo.png
Personalización,otros,unisex,2,unica,Personaliza la ropa que quieras adquirir con tu nombre o el de los tuyos.,
Camiseta Manga larga,Camisetas,mujer,25,xs s m l xl,Not available,
Camiseta Manga larga,Camisetas,hombre,25,s m l xl 2xl,Not available,
Plumifero,Plumas,unisex,47,xs s m l xl 2xl,Not available,plumifero.png
Gorra,Complementos,unisex,15,s m l,Solo disponible en color blanco,gorra.png
Camiseta,Camisetas,niñ@s,18,2 4 6 8 10 12,Not available,
Sudadera,Sudadera,niñ@s,45,2 4 6 8 10 12,Not available,
